task,model,n,seed,em,f1,tokens,time_ms_per_100
semantic,Qwen/Qwen2.5-1.5B-Instruct,50,1337,1.0,0.56,2583,188.23992187386725
episodic_cross,Qwen/Qwen2.5-1.5B-Instruct,50,1337,1.0,0.2133333333333333,2222,250.10300882096456
semantic,Qwen/Qwen2.5-1.5B-Instruct,50,1337,1.0,0.52,2585,180.58838119918488
episodic_multi,Qwen/Qwen2.5-1.5B-Instruct,50,1337,0.62,0.56,5455,109.81458073324154
spatial,Qwen/Qwen2.5-1.5B-Instruct,50,1337,0.02,0.0,4403,559.6526363843416
episodic_capacity,Qwen/Qwen2.5-1.5B-Instruct,50,1337,0.94,0.17714285714285719,15340,71.42815395696574
episodic,Qwen/Qwen2.5-1.5B-Instruct,50,1337,0.64,0.31449206349206343,2191,306.59285125517295
