task,model,n,seed,em,f1,tokens,time_ms_per_100
episodic_cross,Qwen/Qwen2.5-1.5B-Instruct,50,1337,1.0,0.2799999999999999,2213,249.95122196113772
episodic_multi,Qwen/Qwen2.5-1.5B-Instruct,50,1337,0.62,0.6,5455,114.38606692943081
episodic_capacity,Qwen/Qwen2.5-1.5B-Instruct,50,1337,0.94,0.13714285714285715,15345,73.99382099706907
episodic,Qwen/Qwen2.5-1.5B-Instruct,50,1337,0.64,0.35747619047619056,2191,317.0976701962873
episodic,Qwen/Qwen2.5-1.5B-Instruct,50,1337,0.66,0.39809523809523817,2183,319.37830622994665
episodic,Qwen/Qwen2.5-1.5B-Instruct,50,1337,0.7,0.3461428571428572,2173,298.81068352504786
episodic,Qwen/Qwen2.5-1.5B-Instruct,50,1337,0.62,0.30142857142857143,2193,322.80463889639674
