task,model,n,seed,em,f1,tokens,time_ms_per_100
episodic_cross,Qwen/Qwen2.5-1.5B-Instruct,50,1337,0.98,0.9933333333333334,3226,151.86040198390145
episodic_multi,Qwen/Qwen2.5-1.5B-Instruct,50,1337,0.5,0.5,6260,101.4590392012836
episodic_capacity,Qwen/Qwen2.5-1.5B-Instruct,50,1337,0.0,0.29999999999999993,38536,55.44060652117711
episodic,Qwen/Qwen2.5-1.5B-Instruct,50,1337,0.2,0.3058148148148148,3043,252.1883948405813
episodic,Qwen/Qwen2.5-1.5B-Instruct,50,1337,0.14,0.24904321409584568,3039,238.8298203356411
episodic,Qwen/Qwen2.5-1.5B-Instruct,50,1337,0.12,0.23841414141414138,3033,235.43689627432386
episodic,Qwen/Qwen2.5-1.5B-Instruct,50,1337,0.18,0.30923953823953826,3042,237.86951282050975
