task,model,n,seed,em,f1,tokens,time_ms_per_100
semantic,Qwen/Qwen2.5-1.5B-Instruct,200,1337,1.0,0.58,10344,163.6742986949139
semantic,Qwen/Qwen2.5-1.5B-Instruct,200,4242,1.0,0.615,10321,159.33954203079492
semantic,Qwen/Qwen2.5-1.5B-Instruct,1000,1337,1.0,0.576,51687,162.43138979239941
semantic,Qwen/Qwen2.5-1.5B-Instruct,200,2025,1.0,0.585,10338,162.47376713098214
semantic,Qwen/Qwen2.5-1.5B-Instruct,1000,2025,1.0,0.612,51649,161.3859561346819
semantic,Qwen/Qwen2.5-1.5B-Instruct,50,1337,1.0,0.58,2582,171.5190107283004
semantic,Qwen/Qwen2.5-1.5B-Instruct,50,2025,1.0,0.48,2591,168.39401671187875
semantic,Qwen/Qwen2.5-1.5B-Instruct,1000,4242,1.0,0.578,51669,162.27879511892328
semantic,Qwen/Qwen2.5-1.5B-Instruct,50,4242,1.0,0.64,2575,155.1787138640207
