task,model,n,seed,em,f1,tokens,time_ms_per_100
spatial,Qwen/Qwen2.5-1.5B-Instruct,200,1337,0.01,0.0,18096,572.9423704851685
spatial,Qwen/Qwen2.5-1.5B-Instruct,200,4242,0.03,0.015,24557,471.40978108891017
spatial,Qwen/Qwen2.5-1.5B-Instruct,1000,1337,0.01,0.001,88569,542.5333959771493
spatial,Qwen/Qwen2.5-1.5B-Instruct,200,2025,0.01,0.01,26084,472.26121467566804
spatial,Qwen/Qwen2.5-1.5B-Instruct,1000,2025,0.02,0.01,129674,462.64862086308244
spatial,Qwen/Qwen2.5-1.5B-Instruct,50,1337,0.02,0.0,4397,534.3546407550339
spatial,Qwen/Qwen2.5-1.5B-Instruct,50,2025,0.02,0.02,6443,450.4000600806511
spatial,Qwen/Qwen2.5-1.5B-Instruct,1000,4242,0.026,0.013,122749,474.0372190673623
spatial,Qwen/Qwen2.5-1.5B-Instruct,50,4242,0.04,0.02,6154,471.08247816056115
