task,model,n,seed,em,f1,tokens,time_ms_per_100
episodic_cross,Qwen/Qwen2.5-1.5B-Instruct,50,1337,1.0,0.25333333333333324,2222,249.44407727273222
semantic,Qwen/Qwen2.5-1.5B-Instruct,50,1337,1.0,0.6,2581,175.52587187137897
episodic_multi,Qwen/Qwen2.5-1.5B-Instruct,50,1337,0.64,0.6,5455,109.73283688358286
spatial,Qwen/Qwen2.5-1.5B-Instruct,50,1337,0.0,0.0,4592,657.4991421820444
episodic_capacity,Qwen/Qwen2.5-1.5B-Instruct,50,1337,0.98,0.16571428571428573,15334,71.77059940654821
episodic,Qwen/Qwen2.5-1.5B-Instruct,50,1337,0.64,0.3565396825396825,2192,322.6929937956403
