task,model,n,seed,em,f1,tokens,time_ms_per_100
episodic_cross,Qwen/Qwen2.5-1.5B-Instruct,50,1337,1.0,0.2133333333333333,2219,261.31105687245656
episodic_multi,Qwen/Qwen2.5-1.5B-Instruct,50,1337,0.64,0.6,5452,113.92590049521431
episodic_capacity,Qwen/Qwen2.5-1.5B-Instruct,50,1337,0.94,0.17714285714285716,15341,73.16872933316988
episodic,Qwen/Qwen2.5-1.5B-Instruct,50,1337,0.64,0.29725396825396827,2193,325.12811048788285
episodic,Qwen/Qwen2.5-1.5B-Instruct,50,1337,0.66,0.30647619047619046,2181,326.389715864192
episodic,Qwen/Qwen2.5-1.5B-Instruct,50,1337,0.7,0.3107142857142857,2170,313.49692488480025
episodic,Qwen/Qwen2.5-1.5B-Instruct,50,1337,0.64,0.31280952380952376,2193,334.3529630186253
