task,model,n,seed,em,f1,tokens,time_ms_per_100
episodic_cross,Qwen/Qwen2.5-1.5B-Instruct,50,1337,1.0,0.19999999999999996,2227,258.5358821733091
episodic_multi,Qwen/Qwen2.5-1.5B-Instruct,50,1337,0.64,0.6,5453,108.63419741425224
episodic_capacity,Qwen/Qwen2.5-1.5B-Instruct,50,1337,0.94,0.16380952380952382,15342,70.01171504367433
episodic,Qwen/Qwen2.5-1.5B-Instruct,50,1337,0.66,0.29247619047619045,2189,316.600790041133
episodic,Qwen/Qwen2.5-1.5B-Instruct,50,1337,0.66,0.3044761904761905,2187,319.5906827617573
episodic,Qwen/Qwen2.5-1.5B-Instruct,50,1337,0.66,0.3091904761904761,2190,325.3390361643976
episodic,Qwen/Qwen2.5-1.5B-Instruct,50,1337,0.7,0.3524285714285714,2171,303.42190465221995
